"count_frequencies","mean_math","mean_reading","mean_writing","overall_mean","formation","test_preparation_course"
"17","74.94117647058823","74.58823529411765","72.88235294117646","74.14","high_school_education","completed"
"23","68.73913043478261","66.56521739130434","62.82608695652174","66.04","high_school_education","none"
"31","76.41935483870968","75.7741935483871","74.90322580645162","75.7","not_especified","completed"
"43","72.93023255813954","71.44186046511628","69.53488372093024","71.3","not_especified","none"
"14","69.42857142857143","72.92857142857143","71.64285714285714","71.33","university_education","none"
"12","83.58333333333333","81.91666666666667","83.16666666666667","82.89","university_education","completed"
